Team,NOC,Sport,Event,Gold,Silver,Bronze,Total
AIN,AIN,Rowing,Men's Single Sculls,0,1,0,1
AIN,AIN,Tennis,Women's Doubles,0,1,0,1
AIN,AIN,Trampoline Gymnastics,Men,1,0,0,1
AIN,AIN,Trampoline Gymnastics,Women,0,1,0,1
AIN,AIN,Weightlifting,Men's 102kg,0,0,1,1
Albania,ALB,Wrestling,Men's Freestyle 65kg,0,0,1,1
Albania,ALB,Wrestling,Men's Freestyle 74kg,0,0,1,1
Algeria,ALG,Artistic Gymnastics,Women's Uneven Bars,1,0,0,1
Algeria,ALG,Athletics,Men's 800m,0,0,1,1
Algeria,ALG,Boxing,Women's 66kg,1,0,0,1
Argentina,ARG,Cycling BMX Freestyle,Men's Park,1,0,0,1
Argentina,ARG,Hockey,Women,0,0,1,1
Argentina,ARG,Sailing,Mixed Multihull,0,1,0,1
Armenia,ARM,Artistic Gymnastics,Men's Vault,0,1,0,1
Armenia,ARM,Weightlifting,Men's +102kg,0,1,0,1
Armenia,ARM,Wrestling,Men's Greco-Roman 77kg,0,0,1,1
Armenia,ARM,Wrestling,Men's Greco-Roman 97kg,0,1,0,1
Australia,AUS,Athletics,Marathon Race Walk Relay Mixed,0,0,1,1
Australia,AUS,Athletics,Men's Discus Throw,0,0,1,1
Australia,AUS,Athletics,Women's 1500m,0,1,0,1
Australia,AUS,Athletics,Women's 20km Race Walk,0,0,1,1
Australia,AUS,Athletics,Women's High Jump,0,1,1,2
Australia,AUS,Athletics,Women's Pole Vault,1,0,0,1
Australia,AUS,Basketball,Women,0,0,1,1
Australia,AUS,Boxing,Men's 57kg,0,0,1,1
Australia,AUS,Boxing,Women's 75kg,0,0,1,1
Australia,AUS,Canoe Slalom,Women's Canoe Single,1,0,0,1
Australia,AUS,Canoe Slalom,Women's Kayak Cross,1,0,0,1
Australia,AUS,Canoe Slalom,Women's Kayak Single,1,0,0,1
Australia,AUS,Canoe Sprint,Men's Kayak Double 500m,0,0,1,1
Australia,AUS,Canoe Sprint,Men's Kayak Four 500m,0,1,0,1
Australia,AUS,Cycling BMX Freestyle,Women's Park,0,0,1,1
Australia,AUS,Cycling BMX Racing,Women,1,0,0,1
Australia,AUS,Cycling Road,Women's Individual Time Trial,1,0,0,1
Australia,AUS,Cycling Track,Men's Keirin,0,1,1,2
Australia,AUS,Cycling Track,Men's Sprint,0,1,0,1
Australia,AUS,Cycling Track,Men's Team Pursuit,1,0,0,1
Australia,AUS,Cycling Track,Men's Team Sprint,0,0,1,1
Australia,AUS,Diving,Women's 3m Springboard,0,1,0,1
Australia,AUS,Equestrian,Eventing Individual,0,1,0,1
Australia,AUS,Rowing,Women's Pair,0,0,1,1
Australia,AUS,Sailing,Men's Dinghy,1,0,0,1
Australia,AUS,Sailing,Men's Windsurfing,0,1,0,1
Australia,AUS,Shooting,Trap Women,0,0,1,1
Australia,AUS,Skateboarding,Men's Park,1,0,0,1
Australia,AUS,Skateboarding,Women's Park,1,0,0,1
Australia,AUS,Surfing,Men,0,1,0,1
Australia,AUS,Swimming,Men's 100m Freestyle,0,1,0,1
Australia,AUS,Swimming,Men's 200m Breaststroke,0,1,0,1
Australia,AUS,Swimming,Men's 4 x 100m Freestyle Relay,0,1,0,1
Australia,AUS,Swimming,Men's 4 x 200m Freestyle Relay,0,0,1,1
Australia,AUS,Swimming,Men's 400m Freestyle,0,1,0,1
Australia,AUS,Swimming,Men's 50m Freestyle,1,0,0,1
Australia,AUS,Swimming,Mixed 4 x 100m Medley Relay,0,0,1,1
Australia,AUS,Swimming,Women's 100m Backstroke,1,0,0,1
Australia,AUS,Swimming,Women's 200m Backstroke,1,0,0,1
Australia,AUS,Swimming,Women's 200m Freestyle,1,1,0,2
Australia,AUS,Swimming,Women's 200m Individual Medley,0,0,1,1
Australia,AUS,Swimming,Women's 4 x 100m Freestyle Relay,1,0,0,1
Australia,AUS,Swimming,Women's 4 x 100m Medley Relay,0,1,0,1
Australia,AUS,Swimming,Women's 4 x 200m Freestyle Relay,1,0,0,1
Australia,AUS,Swimming,Women's 400m Freestyle,1,0,0,1
Australia,AUS,Swimming,Women's 50m Freestyle,0,1,0,1
Australia,AUS,Swimming,Women's 800m Freestyle,0,1,0,1
Australia,AUS,Tennis,Men's Doubles,1,0,0,1
Australia,AUS,Water Polo,Women,0,1,0,1
Austria,AUT,Judo,Women -70 kg,0,0,1,1
Austria,AUT,Sailing,Men's Kite,1,0,0,1
Austria,AUT,Sailing,Mixed Dinghy,1,0,0,1
Austria,AUT,Sport Climbing,Men's Boulder & Lead,0,0,1,1
Austria,AUT,Sport Climbing,Women's Boulder & Lead,0,0,1,1
Azerbaijan,AZE,Boxing,Men's 92kg,0,1,0,1
Azerbaijan,AZE,Judo,Men -100 kg,1,0,0,1
Azerbaijan,AZE,Judo,Men -73 kg,1,0,0,1
Azerbaijan,AZE,Taekwondo,Men -58kg,0,1,0,1
Azerbaijan,AZE,Wrestling,Men's Freestyle 125kg,0,0,1,1
Azerbaijan,AZE,Wrestling,Men's Freestyle 97kg,0,0,1,1
Azerbaijan,AZE,Wrestling,Men's Greco-Roman 67kg,0,0,1,1
Bahrain,BRN,Athletics,Women's 3000m Steeplechase,1,0,0,1
Bahrain,BRN,Athletics,Women's 400m,0,1,0,1
Bahrain,BRN,Weightlifting,Men's +102kg,0,0,1,1
Bahrain,BRN,Wrestling,Men's Freestyle 97kg,1,0,0,1
Belgium,BEL,Athletics,Men's Marathon,0,1,0,1
Belgium,BEL,Athletics,Women's Heptathlon,1,0,1,2
Belgium,BEL,Cycling Road,Men's Individual Time Trial,1,0,1,2
Belgium,BEL,Cycling Road,Men's Road Race,1,0,0,1
Belgium,BEL,Cycling Track,Men's Omnium,0,0,1,1
Belgium,BEL,Judo,Women -70 kg,0,0,1,1
Belgium,BEL,Taekwondo,Women -67kg,0,0,1,1
Botswana,BOT,Athletics,Men's 200m,1,0,0,1
Botswana,BOT,Athletics,Men's 4 x 400m Relay,0,1,0,1
Brazil,BRA,Artistic Gymnastics,Women's All-Around,0,1,0,1
Brazil,BRA,Artistic Gymnastics,Women's Floor Exercise,1,0,0,1
Brazil,BRA,Artistic Gymnastics,Women's Team,0,0,1,1
Brazil,BRA,Artistic Gymnastics,Women's Vault,0,1,0,1
Brazil,BRA,Athletics,Men's 20km Race Walk,0,1,0,1
Brazil,BRA,Athletics,Men's 400m Hurdles,0,0,1,1
Brazil,BRA,Beach Volleyball,Women,1,0,0,1
Brazil,BRA,Boxing,Women's 60kg,0,0,1,1
Brazil,BRA,Canoe Sprint,Men's Canoe Single 1000m,0,1,0,1
Brazil,BRA,Football,Women,0,1,0,1
Brazil,BRA,Judo,Men -66 kg,0,1,0,1
Brazil,BRA,Judo,Mixed Team,0,0,1,1
Brazil,BRA,Judo,Women +78 kg,1,0,0,1
Brazil,BRA,Judo,Women -52 kg,0,0,1,1
Brazil,BRA,Skateboarding,Men's Park,0,0,1,1
Brazil,BRA,Skateboarding,Women's Street,0,0,1,1
Brazil,BRA,Surfing,Men,0,0,1,1
Brazil,BRA,Surfing,Women,0,1,0,1
Brazil,BRA,Taekwondo,Men -68kg,0,0,1,1
Brazil,BRA,Volleyball,Women,0,0,1,1
Bulgaria,BUL,Boxing,Men's 57kg,0,0,1,1
Bulgaria,BUL,Rhythmic Gymnastics,Individual All-Around,0,1,0,1
Bulgaria,BUL,Taekwondo,Women -57kg,0,0,1,1
Bulgaria,BUL,Weightlifting,Men's 73kg,0,0,1,1
Bulgaria,BUL,Weightlifting,Men's 89kg,1,0,0,1
Bulgaria,BUL,Wrestling,Men's Freestyle 86kg,1,0,0,1
Bulgaria,BUL,Wrestling,Men's Greco-Roman 87kg,1,0,0,1
Cabo Verde,CPV,Boxing,Men's 51kg,0,0,1,1
Canada,CAN,Athletics,Men's 4 x 100m Relay,1,0,0,1
Canada,CAN,Athletics,Men's 800m,0,1,0,1
Canada,CAN,Athletics,Men's Hammer Throw,1,0,0,1
Canada,CAN,Athletics,Women's Hammer Throw,1,0,0,1
Canada,CAN,Athletics,Women's Pole Vault,0,0,1,1
Canada,CAN,Beach Volleyball,Women,0,1,0,1
Canada,CAN,Boxing,Men's 63.5kg,0,0,1,1
Canada,CAN,Breaking,B-Boys,1,0,0,1
Canada,CAN,Canoe Sprint,Women's Canoe Double 500m,0,0,1,1
Canada,CAN,Canoe Sprint,Women's Canoe Single 200m,1,0,0,1
Canada,CAN,Diving,Men's Synchronised 10m Platform,0,0,1,1
Canada,CAN,Fencing,Women's Foil Individual,0,0,1,1
Canada,CAN,Judo,Women -57 kg,1,0,0,1
Canada,CAN,Rowing,Women's Eight,0,1,0,1
Canada,CAN,Rugby Sevens,Women,0,1,0,1
Canada,CAN,Swimming,Men's 100m Butterfly,0,1,1,2
Canada,CAN,Swimming,Men's 200m Butterfly,0,0,1,1
Canada,CAN,Swimming,Women's 200m Backstroke,0,0,1,1
Canada,CAN,Swimming,Women's 200m Butterfly,1,0,0,1
Canada,CAN,Swimming,Women's 200m Individual Medley,1,0,0,1
Canada,CAN,Swimming,Women's 400m Freestyle,0,1,0,1
Canada,CAN,Swimming,Women's 400m Individual Medley,1,0,0,1
Canada,CAN,Taekwondo,Women -57kg,0,0,1,1
Canada,CAN,Tennis,Mixed Doubles,0,0,1,1
Canada,CAN,Trampoline Gymnastics,Women,0,0,1,1
Canada,CAN,Weightlifting,Women's 59kg,0,1,0,1
Chile,CHI,Shooting,Skeet Women,1,0,0,1
Chile,CHI,Wrestling,Men's Greco-Roman 130kg,0,1,0,1
China,CHN,Archery,Women's Team,0,1,0,1
China,CHN,Artistic Gymnastics,Men's All-Around,0,1,1,2
China,CHN,Artistic Gymnastics,Men's Horizontal Bar,0,0,1,1
China,CHN,Artistic Gymnastics,Men's Parallel Bars,1,0,0,1
China,CHN,Artistic Gymnastics,Men's Rings,1,1,0,2
China,CHN,Artistic Gymnastics,Men's Team,0,1,0,1
China,CHN,Artistic Gymnastics,Women's Balance Beam,0,1,0,1
China,CHN,Artistic Gymnastics,Women's Uneven Bars,0,1,0,1
China,CHN,Artistic Swimming,Duet,1,0,0,1
China,CHN,Artistic Swimming,Team,1,0,0,1
China,CHN,Athletics,Women's 20km Race Walk,1,0,0,1
China,CHN,Athletics,Women's Discus Throw,0,1,0,1
China,CHN,Athletics,Women's Hammer Throw,0,0,1,1
China,CHN,Athletics,Women's Shot Put,0,0,1,1
China,CHN,Badminton,Men's Doubles,0,1,0,1
China,CHN,Badminton,Mixed Doubles,1,0,0,1
China,CHN,Badminton,Women's Doubles,1,1,0,2
China,CHN,Badminton,Women's Singles,0,1,0,1
China,CHN,Boxing,Women's 50kg,1,0,0,1
China,CHN,Boxing,Women's 54kg,1,0,0,1
China,CHN,Boxing,Women's 60kg,0,1,0,1
China,CHN,Boxing,Women's 66kg,0,1,0,1
China,CHN,Boxing,Women's 75kg,1,0,0,1
China,CHN,Breaking,B-Girls,0,0,1,1
China,CHN,Canoe Sprint,Men's Canoe Double 500m,1,0,0,1
China,CHN,Canoe Sprint,Women's Canoe Double 500m,1,0,0,1
China,CHN,Cycling BMX Freestyle,Women's Park,1,0,0,1
China,CHN,Diving,Men's 10m Platform,1,0,0,1
China,CHN,Diving,Men's 3m Springboard,1,1,0,2
China,CHN,Diving,Men's Synchronised 10m Platform,1,0,0,1
China,CHN,Diving,Men's Synchronised 3m Springboard,1,0,0,1
China,CHN,Diving,Women's 10m Platform,1,1,0,2
China,CHN,Diving,Women's 3m Springboard,1,0,1,2
China,CHN,Diving,Women's Synchronised 10m Platform,1,0,0,1
China,CHN,Diving,Women's Synchronised 3m Springboard,1,0,0,1
China,CHN,Golf,Women's Individual Stroke Play,0,0,1,1
China,CHN,Hockey,Women,0,1,0,1
China,CHN,Judo,Women -78 kg,0,0,1,1
China,CHN,Rhythmic Gymnastics,Group All-Around,1,0,0,1
China,CHN,Shooting,10m Air Pistol Men,1,0,0,1
China,CHN,Shooting,10m Air Rifle Men,1,0,0,1
China,CHN,Shooting,10m Air Rifle Mixed Team,1,0,0,1
China,CHN,Shooting,10m Air Rifle Women,0,1,0,1
China,CHN,Shooting,25m Rapid Fire Pistol Men,1,0,1,2
China,CHN,Shooting,50m Rifle 3 Positions Men,1,0,0,1
China,CHN,Shooting,50m Rifle 3 Positions Women,0,0,1,1
China,CHN,Shooting,Skeet Mixed Team,0,0,1,1
China,CHN,Shooting,Trap Men,0,1,0,1
China,CHN,Sport Climbing,Men's Speed,0,1,0,1
China,CHN,Sport Climbing,Women's Speed,0,1,0,1
China,CHN,Swimming,Men's 100m Backstroke,0,1,0,1
China,CHN,Swimming,Men's 100m Freestyle,1,0,0,1
China,CHN,Swimming,Men's 200m Individual Medley,0,0,1,1
China,CHN,Swimming,Men's 4 x 100m Medley Relay,1,0,0,1
China,CHN,Swimming,Mixed 4 x 100m Medley Relay,0,1,0,1
China,CHN,Swimming,Women's 100m Breaststroke,0,1,0,1
China,CHN,Swimming,Women's 100m Butterfly,0,0,1,1
China,CHN,Swimming,Women's 200m Butterfly,0,0,1,1
China,CHN,Swimming,Women's 4 x 100m Freestyle Relay,0,0,1,1
China,CHN,Swimming,Women's 4 x 100m Medley Relay,0,0,1,1
China,CHN,Swimming,Women's 4 x 200m Freestyle Relay,0,0,1,1
China,CHN,Swimming,Women's 50m Freestyle,0,0,1,1
China,CHN,Table Tennis,Men's Singles,1,0,0,1
China,CHN,Table Tennis,Men's Team,1,0,0,1
China,CHN,Table Tennis,Mixed Doubles,1,0,0,1
China,CHN,Table Tennis,Women's Singles,1,1,0,2
China,CHN,Table Tennis,Women's Team,1,0,0,1
China,CHN,Taekwondo,Men -68kg,0,0,1,1
China,CHN,Taekwondo,Women -49kg,0,1,0,1
China,CHN,Tennis,Mixed Doubles,0,1,0,1
China,CHN,Tennis,Women's Singles,1,0,0,1
China,CHN,Trampoline Gymnastics,Men,0,1,1,2
China,CHN,Weightlifting,Men's 102kg,1,0,0,1
China,CHN,Weightlifting,Men's 61kg,1,0,0,1
China,CHN,Weightlifting,Women's +81kg,1,0,0,1
China,CHN,Weightlifting,Women's 49kg,1,0,0,1
China,CHN,Weightlifting,Women's 59kg,1,0,0,1
China,CHN,Wrestling,Men's Greco-Roman 130kg,0,0,1,1
China,CHN,Wrestling,Men's Greco-Roman 60kg,0,1,0,1
China,CHN,Wrestling,Women's Freestyle 50kg,0,0,1,1
China,CHN,Wrestling,Women's Freestyle 53kg,0,0,1,1
China,CHN,Wrestling,Women's Freestyle 57kg,0,0,1,1
Chinese Taipei,TPE,Artistic Gymnastics,Men's Horizontal Bar,0,0,1,1
Chinese Taipei,TPE,Badminton,Men's Doubles,1,0,0,1
Chinese Taipei,TPE,Boxing,Women's 57kg,1,0,0,1
Chinese Taipei,TPE,Boxing,Women's 60kg,0,0,1,1
Chinese Taipei,TPE,Boxing,Women's 66kg,0,0,1,1
Chinese Taipei,TPE,Shooting,Skeet Men,0,0,1,1
Chinese Taipei,TPE,Weightlifting,Women's 59kg,0,0,1,1
Colombia,COL,Artistic Gymnastics,Men's Horizontal Bar,0,1,0,1
Colombia,COL,Weightlifting,Men's 89kg,0,1,0,1
Colombia,COL,Weightlifting,Women's 71kg,0,1,0,1
Colombia,COL,Wrestling,Women's Freestyle 76kg,0,0,1,1
Croatia,CRO,Athletics,Women's Discus Throw,0,0,1,1
Croatia,CRO,Judo,Women -70 kg,1,0,0,1
Croatia,CRO,Rowing,Men's Pair,1,0,0,1
Croatia,CRO,Shooting,10m Air Rifle Men,0,0,1,1
Croatia,CRO,Taekwondo,Women -49kg,0,0,1,1
Croatia,CRO,Tennis,Women's Singles,0,1,0,1
Croatia,CRO,Water Polo,Men,0,1,0,1
Cuba,CUB,Boxing,Men's 63.5kg,1,0,0,1
Cuba,CUB,Boxing,Men's 80kg,0,0,1,1
Cuba,CUB,Canoe Sprint,Women's Canoe Single 200m,0,0,1,1
Cuba,CUB,Taekwondo,Men +80kg,0,0,1,1
Cuba,CUB,Wrestling,Men's Greco-Roman 130kg,1,0,0,1
Cuba,CUB,Wrestling,Men's Greco-Roman 67kg,0,0,1,1
Cuba,CUB,Wrestling,Men's Greco-Roman 97kg,0,0,1,1
Cuba,CUB,Wrestling,Women's Freestyle 50kg,0,1,0,1
Cuba,CUB,Wrestling,Women's Freestyle 76kg,0,0,1,1
Cyprus,CYP,Sailing,Men's Dinghy,0,1,0,1
Czechia,CZE,Athletics,Women's Javelin Throw,0,0,1,1
Czechia,CZE,Canoe Sprint,Men's Canoe Single 1000m,1,0,0,1
Czechia,CZE,Canoe Sprint,Men's Kayak Single 1000m,1,0,0,1
Czechia,CZE,Fencing,Men's Épée Team,0,0,1,1
Czechia,CZE,Tennis,Mixed Doubles,1,0,0,1
Côte d'Ivoire,CIV,Taekwondo,Men +80kg,0,0,1,1
DPR Korea,PRK,Boxing,Women's 54kg,0,0,1,1
DPR Korea,PRK,Diving,Women's 10m Platform,0,0,1,1
DPR Korea,PRK,Diving,Women's Synchronised 10m Platform,0,1,0,1
DPR Korea,PRK,Table Tennis,Mixed Doubles,0,1,0,1
DPR Korea,PRK,Wrestling,Men's Greco-Roman 60kg,0,0,1,1
DPR Korea,PRK,Wrestling,Women's Freestyle 53kg,0,0,1,1
Denmark,DEN,Badminton,Men's Singles,1,0,0,1
Denmark,DEN,Canoe Sprint,Women's Kayak Single 500m,0,0,1,1
Denmark,DEN,Cycling Track,Men's Madison,0,0,1,1
Denmark,DEN,Equestrian,Dressage Team,0,1,0,1
Denmark,DEN,Handball,Men,1,0,0,1
Denmark,DEN,Handball,Women,0,0,1,1
Denmark,DEN,Sailing,Women's Dinghy,0,1,0,1
Denmark,DEN,Taekwondo,Men -80kg,0,0,1,1
Denmark,DEN,Wrestling,Men's Greco-Roman 87kg,0,0,1,1
Dominica,DMA,Athletics,Women's Triple Jump,1,0,0,1
Dominican Republic,DOM,Athletics,Women's 400m,1,0,0,1
Dominican Republic,DOM,Boxing,Men's 51kg,0,0,1,1
Dominican Republic,DOM,Boxing,Men's 80kg,0,0,1,1
EOR,EOR,Boxing,Women's 75kg,0,0,1,1
Ecuador,ECU,Athletics,Marathon Race Walk Relay Mixed,0,1,0,1
Ecuador,ECU,Athletics,Men's 20km Race Walk,1,0,0,1
Ecuador,ECU,Weightlifting,Women's 71kg,0,0,1,1
Ecuador,ECU,Weightlifting,Women's 81kg,0,0,1,1
Ecuador,ECU,Wrestling,Women's Freestyle 53kg,0,1,0,1
Egypt,EGY,Fencing,Men's Épée Individual,0,0,1,1
Egypt,EGY,Modern Pentathlon,Men's Individual,1,0,0,1
Egypt,EGY,Weightlifting,Women's 81kg,0,1,0,1
Ethiopia,ETH,Athletics,"Men's 10,000m",0,1,0,1
Ethiopia,ETH,Athletics,Men's Marathon,1,0,0,1
Ethiopia,ETH,Athletics,Women's 800m,0,1,0,1
Ethiopia,ETH,Athletics,Women's Marathon,0,1,0,1
Fiji,FIJ,Rugby Sevens,Men,0,1,0,1
France,FRA,3x3 Basketball,Men,0,1,0,1
France,FRA,Archery,Men's Team,0,1,0,1
France,FRA,Archery,Women's Individual,0,0,1,1
France,FRA,Athletics,Women's 100m Hurdles,0,1,0,1
France,FRA,Basketball,Men,0,1,0,1
France,FRA,Basketball,Women,0,1,0,1
France,FRA,Boxing,Men's +92kg,0,0,1,1
France,FRA,Boxing,Men's 51kg,0,1,0,1
France,FRA,Boxing,Men's 63.5kg,0,1,0,1
France,FRA,Breaking,B-Boys,0,1,0,1
France,FRA,Canoe Slalom,Men's Canoe Single,1,0,0,1
France,FRA,Canoe Slalom,Men's Kayak Single,0,1,0,1
France,FRA,Canoe Slalom,Women's Kayak Cross,0,1,0,1
France,FRA,Cycling BMX Freestyle,Men's Park,0,0,1,1
France,FRA,Cycling BMX Racing,Men,1,1,1,3
France,FRA,Cycling Mountain Bike,Men's Cross-country,0,1,0,1
France,FRA,Cycling Mountain Bike,Women's Cross-country,1,0,0,1
France,FRA,Cycling Road,Men's Road Race,0,1,1,2
France,FRA,Cycling Track,Men's Omnium,1,0,0,1
France,FRA,Equestrian,Eventing Team,0,1,0,1
France,FRA,Equestrian,Jumping Team,0,0,1,1
France,FRA,Fencing,Men's Foil Team,0,0,1,1
France,FRA,Fencing,Men's Sabre Team,0,0,1,1
France,FRA,Fencing,Men's Épée Individual,0,1,0,1
France,FRA,Fencing,Women's Sabre Individual,1,1,0,2
France,FRA,Fencing,Women's Épée Individual,0,1,0,1
France,FRA,Fencing,Women's Épée Team,0,1,0,1
France,FRA,Football,Men,0,1,0,1
France,FRA,Handball,Women,0,1,0,1
France,FRA,Judo,Men +100 kg,1,0,0,1
France,FRA,Judo,Men -60 kg,0,1,0,1
France,FRA,Judo,Men -73 kg,0,1,0,1
France,FRA,Judo,Men -90 kg,0,0,1,1
France,FRA,Judo,Mixed Team,1,0,0,1
France,FRA,Judo,Women +78 kg,0,0,1,1
France,FRA,Judo,Women -48 kg,0,0,1,1
France,FRA,Judo,Women -52 kg,0,0,1,1
France,FRA,Judo,Women -57 kg,0,0,1,1
France,FRA,Judo,Women -63 kg,0,0,1,1
France,FRA,Modern Pentathlon,Women's Individual,0,1,0,1
France,FRA,Rugby Sevens,Men,1,0,0,1
France,FRA,Sailing,Women's Kite,0,1,0,1
France,FRA,Sailing,Women's Skiff,0,0,1,1
France,FRA,Shooting,25m Pistol Women,0,1,0,1
France,FRA,Surfing,Men,1,0,0,1
France,FRA,Surfing,Women,0,0,1,1
France,FRA,Swimming,Men's 200m Breaststroke,1,0,0,1
France,FRA,Swimming,Men's 200m Butterfly,1,0,0,1
France,FRA,Swimming,Men's 200m Individual Medley,1,0,0,1
France,FRA,Swimming,Men's 4 x 100m Medley Relay,0,0,1,1
France,FRA,Swimming,Men's 400m Individual Medley,1,0,0,1
France,FRA,Swimming,Men's 50m Freestyle,0,0,1,1
France,FRA,Swimming,Women's 1500m Freestyle,0,1,0,1
France,FRA,Table Tennis,Men's Singles,0,0,1,1
France,FRA,Table Tennis,Men's Team,0,0,1,1
France,FRA,Taekwondo,Men -58kg,0,0,1,1
France,FRA,Taekwondo,Women +67kg,1,0,0,1
France,FRA,Triathlon,Men's Individual,0,0,1,1
France,FRA,Triathlon,Women's Individual,1,0,0,1
France,FRA,Volleyball,Men,1,0,0,1
Georgia,GEO,Boxing,Men's 63.5kg,0,0,1,1
Georgia,GEO,Judo,Men -100 kg,0,1,0,1
Georgia,GEO,Judo,Men -81 kg,0,1,0,1
Georgia,GEO,Judo,Men -90 kg,1,0,0,1
Georgia,GEO,Weightlifting,Men's +102kg,1,0,0,1
Georgia,GEO,Wrestling,Men's Freestyle 125kg,1,0,0,1
Georgia,GEO,Wrestling,Men's Freestyle 97kg,0,1,0,1
Germany,GER,3x3 Basketball,Women,1,0,0,1
Germany,GER,Archery,Mixed Team,0,1,0,1
Germany,GER,Athletics,Men's Decathlon,0,1,0,1
Germany,GER,Athletics,Women's 4 x 100m Relay,0,0,1,1
Germany,GER,Athletics,Women's Long Jump,0,1,0,1
Germany,GER,Athletics,Women's Shot Put,1,0,0,1
Germany,GER,Beach Volleyball,Men,0,1,0,1
Germany,GER,Boxing,Men's +92kg,0,0,1,1
Germany,GER,Canoe Slalom,Men's Kayak Cross,0,0,1,1
Germany,GER,Canoe Slalom,Women's Canoe Single,0,1,0,1
Germany,GER,Canoe Sprint,Men's Kayak Double 500m,1,0,0,1
Germany,GER,Canoe Sprint,Men's Kayak Four 500m,1,0,0,1
Germany,GER,Canoe Sprint,Women's Kayak Double 500m,0,0,1,1
Germany,GER,Canoe Sprint,Women's Kayak Four 500m,0,1,0,1
Germany,GER,Cycling Track,Women's Sprint,0,1,0,1
Germany,GER,Cycling Track,Women's Team Sprint,0,0,1,1
Germany,GER,Equestrian,Dressage Individual,1,1,0,2
Germany,GER,Equestrian,Dressage Team,1,0,0,1
Germany,GER,Equestrian,Eventing Individual,1,0,0,1
Germany,GER,Equestrian,Jumping Individual,1,0,0,1
Germany,GER,Football,Women,0,0,1,1
Germany,GER,Golf,Women's Individual Stroke Play,0,1,0,1
Germany,GER,Handball,Men,0,1,0,1
Germany,GER,Hockey,Men,0,1,0,1
Germany,GER,Judo,Women -70 kg,0,1,0,1
Germany,GER,Rhythmic Gymnastics,Individual All-Around,1,0,0,1
Germany,GER,Rowing,Men's Single Sculls,1,0,0,1
Germany,GER,Rowing,Women's Quadruple Sculls,0,0,1,1
Germany,GER,Swimming,Men's 400m Freestyle,1,0,0,1
Germany,GER,Swimming,Women's 1500m Freestyle,0,0,1,1
Great Britain,GBR,Artistic Gymnastics,Men's Floor Exercise,0,0,1,1
Great Britain,GBR,Artistic Gymnastics,Men's Vault,0,0,1,1
Great Britain,GBR,Artistic Swimming,Duet,0,1,0,1
Great Britain,GBR,Athletics,4 x 400m Relay Mixed,0,0,1,1
Great Britain,GBR,Athletics,Men's 1500m,0,1,0,1
Great Britain,GBR,Athletics,Men's 4 x 100m Relay,0,0,1,1
Great Britain,GBR,Athletics,Men's 4 x 400m Relay,0,0,1,1
Great Britain,GBR,Athletics,Men's 400m,0,1,0,1
Great Britain,GBR,Athletics,Women's 1500m,0,0,1,1
Great Britain,GBR,Athletics,Women's 4 x 100m Relay,0,1,0,1
Great Britain,GBR,Athletics,Women's 4 x 400m Relay,0,0,1,1
Great Britain,GBR,Athletics,Women's 800m,1,0,0,1
Great Britain,GBR,Athletics,Women's Heptathlon,0,1,0,1
Great Britain,GBR,Boxing,Men's 71kg,0,0,1,1
Great Britain,GBR,Canoe Slalom,Men's Canoe Single,0,1,0,1
Great Britain,GBR,Canoe Slalom,Men's Kayak Cross,0,1,0,1
Great Britain,GBR,Canoe Slalom,Women's Kayak Cross,0,0,1,1
Great Britain,GBR,Canoe Slalom,Women's Kayak Single,0,0,1,1
Great Britain,GBR,Cycling BMX Freestyle,Men's Park,0,1,0,1
Great Britain,GBR,Cycling Road,Women's Individual Time Trial,0,1,0,1
Great Britain,GBR,Cycling Track,Men's Sprint,0,0,1,1
Great Britain,GBR,Cycling Track,Men's Team Pursuit,0,1,0,1
Great Britain,GBR,Cycling Track,Men's Team Sprint,0,1,0,1
Great Britain,GBR,Cycling Track,Women's Keirin,0,0,1,1
Great Britain,GBR,Cycling Track,Women's Madison,0,1,0,1
Great Britain,GBR,Cycling Track,Women's Sprint,0,0,1,1
Great Britain,GBR,Cycling Track,Women's Team Pursuit,0,0,1,1
Great Britain,GBR,Cycling Track,Women's Team Sprint,1,0,0,1
Great Britain,GBR,Diving,Men's 10m Platform,0,0,1,1
Great Britain,GBR,Diving,Men's Synchronised 10m Platform,0,1,0,1
Great Britain,GBR,Diving,Men's Synchronised 3m Springboard,0,0,1,1
Great Britain,GBR,Diving,Women's Synchronised 10m Platform,0,0,1,1
Great Britain,GBR,Diving,Women's Synchronised 3m Springboard,0,0,1,1
Great Britain,GBR,Equestrian,Dressage Individual,0,0,1,1
Great Britain,GBR,Equestrian,Dressage Team,0,0,1,1
Great Britain,GBR,Equestrian,Eventing Individual,0,0,1,1
Great Britain,GBR,Equestrian,Eventing Team,1,0,0,1
Great Britain,GBR,Equestrian,Jumping Team,1,0,0,1
Great Britain,GBR,Golf,Men's Individual Stroke Play,0,1,0,1
Great Britain,GBR,Rowing,Lightweight Women's Double Sculls,1,0,0,1
Great Britain,GBR,Rowing,Men's Eight,1,0,0,1
Great Britain,GBR,Rowing,Men's Four,0,0,1,1
Great Britain,GBR,Rowing,Men's Pair,0,1,0,1
Great Britain,GBR,Rowing,Women's Double Sculls,0,0,1,1
Great Britain,GBR,Rowing,Women's Eight,0,0,1,1
Great Britain,GBR,Rowing,Women's Four,0,1,0,1
Great Britain,GBR,Rowing,Women's Quadruple Sculls,1,0,0,1
Great Britain,GBR,Sailing,Women's Kite,1,0,0,1
Great Britain,GBR,Sailing,Women's Windsurfing,0,0,1,1
Great Britain,GBR,Shooting,Skeet Women,0,1,0,1
Great Britain,GBR,Shooting,Trap Men,1,0,0,1
Great Britain,GBR,Skateboarding,Women's Park,0,0,1,1
Great Britain,GBR,Sport Climbing,Men's Boulder & Lead,1,0,0,1
Great Britain,GBR,Swimming,Men's 100m Breaststroke,0,1,0,1
Great Britain,GBR,Swimming,Men's 200m Freestyle,0,1,0,1
Great Britain,GBR,Swimming,Men's 200m Individual Medley,0,1,0,1
Great Britain,GBR,Swimming,Men's 4 x 200m Freestyle Relay,1,0,0,1
Great Britain,GBR,Swimming,Men's 50m Freestyle,0,1,0,1
Great Britain,GBR,Taekwondo,Men +80kg,0,1,0,1
Great Britain,GBR,Trampoline Gymnastics,Women,1,0,0,1
Great Britain,GBR,Triathlon,Men's Individual,1,0,0,1
Great Britain,GBR,Triathlon,Women's Individual,0,0,1,1
Great Britain,GBR,Weightlifting,Women's +81kg,0,0,1,1
Greece,GRE,Artistic Gymnastics,Men's Rings,0,0,1,1
Greece,GRE,Athletics,Men's Long Jump,1,0,0,1
Greece,GRE,Athletics,Men's Pole Vault,0,0,1,1
Greece,GRE,Judo,Men -90 kg,0,0,1,1
Greece,GRE,Rowing,Lightweight Men's Double Sculls,0,0,1,1
Greece,GRE,Rowing,Lightweight Women's Double Sculls,0,0,1,1
Greece,GRE,Swimming,Men's 200m Backstroke,0,1,0,1
Greece,GRE,Wrestling,Men's Freestyle 86kg,0,0,1,1
Grenada,GRN,Athletics,Men's Decathlon,0,0,1,1
Grenada,GRN,Athletics,Men's Javelin Throw,0,0,1,1
Guatemala,GUA,Shooting,Trap Men,0,0,1,1
Guatemala,GUA,Shooting,Trap Women,1,0,0,1
"Hong Kong, China",HKG,Fencing,Men's Foil Individual,1,0,0,1
"Hong Kong, China",HKG,Fencing,Women's Épée Individual,1,0,0,1
"Hong Kong, China",HKG,Swimming,Women's 100m Freestyle,0,0,1,1
"Hong Kong, China",HKG,Swimming,Women's 200m Freestyle,0,0,1,1
Hungary,HUN,Athletics,Men's Hammer Throw,0,1,0,1
Hungary,HUN,Canoe Sprint,Men's Kayak Double 500m,0,1,0,1
Hungary,HUN,Canoe Sprint,Men's Kayak Single 1000m,0,1,1,2
Hungary,HUN,Canoe Sprint,Women's Kayak Double 500m,0,1,1,2
Hungary,HUN,Canoe Sprint,Women's Kayak Four 500m,0,0,1,1
Hungary,HUN,Canoe Sprint,Women's Kayak Single 500m,0,1,0,1
Hungary,HUN,Fencing,Men's Sabre Team,0,1,0,1
Hungary,HUN,Fencing,Men's Épée Team,1,0,0,1
Hungary,HUN,Fencing,Women's Épée Individual,0,0,1,1
Hungary,HUN,Marathon Swimming,Men's 10km,1,0,0,1
Hungary,HUN,Modern Pentathlon,Women's Individual,1,0,0,1
Hungary,HUN,Shooting,25m Pistol Women,0,0,1,1
Hungary,HUN,Swimming,Men's 100m Butterfly,1,0,0,1
Hungary,HUN,Swimming,Men's 200m Backstroke,1,0,0,1
Hungary,HUN,Swimming,Men's 200m Butterfly,0,1,0,1
Hungary,HUN,Taekwondo,Women -67kg,1,0,0,1
IR Iran,IRI,Taekwondo,Men +80kg,1,0,0,1
IR Iran,IRI,Taekwondo,Men -80kg,0,1,0,1
IR Iran,IRI,Taekwondo,Women -49kg,0,0,1,1
IR Iran,IRI,Taekwondo,Women -57kg,0,1,0,1
IR Iran,IRI,Wrestling,Men's Freestyle 125kg,0,1,0,1
IR Iran,IRI,Wrestling,Men's Freestyle 65kg,0,1,0,1
IR Iran,IRI,Wrestling,Men's Freestyle 86kg,0,1,0,1
IR Iran,IRI,Wrestling,Men's Freestyle 97kg,0,0,1,1
IR Iran,IRI,Wrestling,Men's Greco-Roman 130kg,0,0,1,1
IR Iran,IRI,Wrestling,Men's Greco-Roman 67kg,1,0,0,1
IR Iran,IRI,Wrestling,Men's Greco-Roman 87kg,0,1,0,1
IR Iran,IRI,Wrestling,Men's Greco-Roman 97kg,1,0,0,1
India,IND,Athletics,Men's Javelin Throw,0,1,0,1
India,IND,Hockey,Men,0,0,1,1
India,IND,Shooting,10m Air Pistol Mixed Team,0,0,1,1
India,IND,Shooting,10m Air Pistol Women,0,0,1,1
India,IND,Shooting,50m Rifle 3 Positions Men,0,0,1,1
India,IND,Wrestling,Men's Freestyle 57kg,0,0,1,1
Indonesia,INA,Badminton,Women's Singles,0,0,1,1
Indonesia,INA,Sport Climbing,Men's Speed,1,0,0,1
Indonesia,INA,Weightlifting,Men's 73kg,1,0,0,1
Ireland,IRL,Artistic Gymnastics,Men's Pommel Horse,1,0,0,1
Ireland,IRL,Boxing,Women's 60kg,1,0,0,1
Ireland,IRL,Rowing,Lightweight Men's Double Sculls,1,0,0,1
Ireland,IRL,Rowing,Men's Double Sculls,0,0,1,1
Ireland,IRL,Swimming,Women's 100m Breaststroke,0,0,1,1
Israel,ISR,Artistic Gymnastics,Men's Floor Exercise,0,1,0,1
Israel,ISR,Judo,Men -100 kg,0,0,1,1
Israel,ISR,Judo,Women +78 kg,0,1,0,1
Israel,ISR,Judo,Women -78 kg,0,1,0,1
Israel,ISR,Rhythmic Gymnastics,Group All-Around,0,1,0,1
Israel,ISR,Sailing,Men's Windsurfing,1,0,0,1
Israel,ISR,Sailing,Women's Windsurfing,0,1,0,1
Italy,ITA,Artistic Gymnastics,Women's Balance Beam,1,0,1,2
Italy,ITA,Artistic Gymnastics,Women's Team,0,1,0,1
Italy,ITA,Athletics,Men's Long Jump,0,0,1,1
Italy,ITA,Athletics,Men's Triple Jump,0,0,1,1
Italy,ITA,Athletics,"Women's 10,000m",0,1,0,1
Italy,ITA,Canoe Slalom,Men's Kayak Single,1,0,0,1
Italy,ITA,Canoe Sprint,Men's Canoe Double 500m,0,1,0,1
Italy,ITA,Cycling Track,Men's Madison,0,1,0,1
Italy,ITA,Cycling Track,Men's Team Pursuit,0,0,1,1
Italy,ITA,Cycling Track,Women's Madison,1,0,0,1
Italy,ITA,Fencing,Men's Foil Individual,0,1,0,1
Italy,ITA,Fencing,Men's Foil Team,0,1,0,1
Italy,ITA,Fencing,Men's Sabre Individual,0,0,1,1
Italy,ITA,Fencing,Women's Foil Team,0,1,0,1
Italy,ITA,Fencing,Women's Épée Team,1,0,0,1
Italy,ITA,Judo,Women -78 kg,1,0,0,1
Italy,ITA,Modern Pentathlon,Men's Individual,0,0,1,1
Italy,ITA,Rhythmic Gymnastics,Group All-Around,0,0,1,1
Italy,ITA,Rhythmic Gymnastics,Individual All-Around,0,0,1,1
Italy,ITA,Rowing,Lightweight Men's Double Sculls,0,1,0,1
Italy,ITA,Rowing,Men's Quadruple Sculls,0,1,0,1
Italy,ITA,Sailing,Mixed Multihull,1,0,0,1
Italy,ITA,Sailing,Women's Windsurfing,1,0,0,1
Italy,ITA,Shooting,10m Air Pistol Men,0,1,1,2
Italy,ITA,Shooting,Skeet Mixed Team,1,0,0,1
Italy,ITA,Shooting,Trap Women,0,1,0,1
Italy,ITA,Swimming,Men's 100m Backstroke,1,0,0,1
Italy,ITA,Swimming,Men's 100m Breaststroke,1,0,0,1
Italy,ITA,Swimming,Men's 4 x 100m Freestyle Relay,0,0,1,1
Italy,ITA,Taekwondo,Men -80kg,0,0,1,1
Italy,ITA,Tennis,Men's Singles,0,0,1,1
Italy,ITA,Tennis,Women's Doubles,1,0,0,1
Italy,ITA,Volleyball,Women,1,0,0,1
Italy,ITA,Weightlifting,Men's 89kg,0,0,1,1
Jamaica,JAM,Athletics,Men's 100m,0,1,0,1
Jamaica,JAM,Athletics,Men's 110m Hurdles,0,0,1,1
Jamaica,JAM,Athletics,Men's Discus Throw,1,0,0,1
Jamaica,JAM,Athletics,Men's Long Jump,0,1,0,1
Jamaica,JAM,Athletics,Men's Shot Put,0,0,1,1
Jamaica,JAM,Athletics,Women's Triple Jump,0,1,0,1
Japan,JPN,Artistic Gymnastics,Men's All-Around,1,0,0,1
Japan,JPN,Artistic Gymnastics,Men's Horizontal Bar,1,0,0,1
Japan,JPN,Artistic Gymnastics,Men's Parallel Bars,0,0,1,1
Japan,JPN,Artistic Gymnastics,Men's Team,1,0,0,1
Japan,JPN,Athletics,Women's Javelin Throw,1,0,0,1
Japan,JPN,Badminton,Mixed Doubles,0,0,1,1
Japan,JPN,Badminton,Women's Doubles,0,0,1,1
Japan,JPN,Breaking,B-Girls,1,0,0,1
Japan,JPN,Diving,Men's 10m Platform,0,1,0,1
Japan,JPN,Equestrian,Eventing Team,0,0,1,1
Japan,JPN,Fencing,Men's Foil Team,1,0,0,1
Japan,JPN,Fencing,Men's Épée Individual,1,0,0,1
Japan,JPN,Fencing,Men's Épée Team,0,1,0,1
Japan,JPN,Fencing,Women's Foil Team,0,0,1,1
Japan,JPN,Fencing,Women's Sabre Team,0,0,1,1
Japan,JPN,Golf,Men's Individual Stroke Play,0,0,1,1
Japan,JPN,Judo,Men -60 kg,0,0,1,1
Japan,JPN,Judo,Men -66 kg,1,0,0,1
Japan,JPN,Judo,Men -73 kg,0,0,1,1
Japan,JPN,Judo,Men -81 kg,1,0,0,1
Japan,JPN,Judo,Men -90 kg,0,1,0,1
Japan,JPN,Judo,Mixed Team,0,1,0,1
Japan,JPN,Judo,Women -48 kg,1,0,0,1
Japan,JPN,Judo,Women -57 kg,0,0,1,1
Japan,JPN,Modern Pentathlon,Men's Individual,0,1,0,1
Japan,JPN,Sailing,Mixed Dinghy,0,1,0,1
Japan,JPN,Skateboarding,Men's Street,1,0,0,1
Japan,JPN,Skateboarding,Women's Park,0,1,0,1
Japan,JPN,Skateboarding,Women's Street,1,1,0,2
Japan,JPN,Sport Climbing,Men's Boulder & Lead,0,1,0,1
Japan,JPN,Swimming,Men's 400m Individual Medley,0,1,0,1
Japan,JPN,Table Tennis,Women's Singles,0,0,1,1
Japan,JPN,Table Tennis,Women's Team,0,1,0,1
Japan,JPN,Wrestling,Men's Freestyle 57kg,1,0,0,1
Japan,JPN,Wrestling,Men's Freestyle 65kg,1,0,0,1
Japan,JPN,Wrestling,Men's Freestyle 74kg,0,1,0,1
Japan,JPN,Wrestling,Men's Greco-Roman 60kg,1,0,0,1
Japan,JPN,Wrestling,Men's Greco-Roman 77kg,1,0,0,1
Japan,JPN,Wrestling,Women's Freestyle 50kg,0,0,1,1
Japan,JPN,Wrestling,Women's Freestyle 53kg,1,0,0,1
Japan,JPN,Wrestling,Women's Freestyle 57kg,1,0,0,1
Japan,JPN,Wrestling,Women's Freestyle 62kg,1,0,0,1
Japan,JPN,Wrestling,Women's Freestyle 68kg,0,0,1,1
Japan,JPN,Wrestling,Women's Freestyle 76kg,1,0,0,1
Jordan,JOR,Taekwondo,Men -68kg,0,1,0,1
Kazakhstan,KAZ,Artistic Gymnastics,Men's Pommel Horse,0,1,0,1
Kazakhstan,KAZ,Boxing,Men's 80kg,0,1,0,1
Kazakhstan,KAZ,Boxing,Women's 50kg,0,0,1,1
Kazakhstan,KAZ,Judo,Men -60 kg,1,0,0,1
Kazakhstan,KAZ,Judo,Men -66 kg,0,0,1,1
Kazakhstan,KAZ,Shooting,10m Air Rifle Mixed Team,0,0,1,1
Kazakhstan,KAZ,Wrestling,Men's Greco-Roman 77kg,0,1,0,1
Kenya,KEN,Athletics,Men's 3000m Steeplechase,0,0,1,1
Kenya,KEN,Athletics,Men's 5000m,0,1,0,1
Kenya,KEN,Athletics,Men's 800m,1,0,0,1
Kenya,KEN,Athletics,Men's Marathon,0,0,1,1
Kenya,KEN,Athletics,"Women's 10,000m",1,0,0,1
Kenya,KEN,Athletics,Women's 1500m,1,0,0,1
Kenya,KEN,Athletics,Women's 3000m Steeplechase,0,0,1,1
Kenya,KEN,Athletics,Women's 5000m,1,1,0,2
Kenya,KEN,Athletics,Women's 800m,0,0,1,1
Kenya,KEN,Athletics,Women's Marathon,0,0,1,1
Korea,KOR,Archery,Men's Individual,1,0,1,2
Korea,KOR,Archery,Men's Team,1,0,0,1
Korea,KOR,Archery,Mixed Team,1,0,0,1
Korea,KOR,Archery,Women's Individual,1,1,0,2
Korea,KOR,Archery,Women's Team,1,0,0,1
Korea,KOR,Badminton,Mixed Doubles,0,1,0,1
Korea,KOR,Badminton,Women's Singles,1,0,0,1
Korea,KOR,Boxing,Women's 54kg,0,0,1,1
Korea,KOR,Fencing,Men's Sabre Individual,1,0,0,1
Korea,KOR,Fencing,Men's Sabre Team,1,0,0,1
Korea,KOR,Fencing,Women's Sabre Team,0,1,0,1
Korea,KOR,Judo,Men +100 kg,0,1,0,1
Korea,KOR,Judo,Men -81 kg,0,0,1,1
Korea,KOR,Judo,Mixed Team,0,0,1,1
Korea,KOR,Judo,Women +78 kg,0,0,1,1
Korea,KOR,Judo,Women -57 kg,0,1,0,1
Korea,KOR,Modern Pentathlon,Women's Individual,0,0,1,1
Korea,KOR,Shooting,10m Air Pistol Women,1,1,0,2
Korea,KOR,Shooting,10m Air Rifle Mixed Team,0,1,0,1
Korea,KOR,Shooting,10m Air Rifle Women,1,0,0,1
Korea,KOR,Shooting,25m Pistol Women,1,0,0,1
Korea,KOR,Shooting,25m Rapid Fire Pistol Men,0,1,0,1
Korea,KOR,Swimming,Men's 400m Freestyle,0,0,1,1
Korea,KOR,Table Tennis,Mixed Doubles,0,0,1,1
Korea,KOR,Table Tennis,Women's Team,0,0,1,1
Korea,KOR,Taekwondo,Men -58kg,1,0,0,1
Korea,KOR,Taekwondo,Women +67kg,0,0,1,1
Korea,KOR,Taekwondo,Women -57kg,1,0,0,1
Korea,KOR,Weightlifting,Women's +81kg,0,1,0,1
Kosovo,KOS,Judo,Women -52 kg,0,1,0,1
Kosovo,KOS,Judo,Women -63 kg,0,0,1,1
Kyrgyzstan,KGZ,Boxing,Men's 57kg,0,1,0,1
Kyrgyzstan,KGZ,Wrestling,Men's Greco-Roman 60kg,0,0,1,1
Kyrgyzstan,KGZ,Wrestling,Men's Greco-Roman 77kg,0,0,1,1
Kyrgyzstan,KGZ,Wrestling,Men's Greco-Roman 97kg,0,0,1,1
Kyrgyzstan,KGZ,Wrestling,Women's Freestyle 62kg,0,0,1,1
Kyrgyzstan,KGZ,Wrestling,Women's Freestyle 68kg,0,1,0,1
Lithuania,LTU,3x3 Basketball,Men,0,0,1,1
Lithuania,LTU,Athletics,Men's Discus Throw,0,1,0,1
Lithuania,LTU,Breaking,B-Girls,0,1,0,1
Lithuania,LTU,Rowing,Women's Single Sculls,0,0,1,1
Malaysia,MAS,Badminton,Men's Doubles,0,0,1,1
Malaysia,MAS,Badminton,Men's Singles,0,0,1,1
Mexico,MEX,Archery,Women's Team,0,0,1,1
Mexico,MEX,Boxing,Men's 71kg,0,1,0,1
Mexico,MEX,Diving,Men's 3m Springboard,0,0,1,1
Mexico,MEX,Diving,Men's Synchronised 3m Springboard,0,1,0,1
Mexico,MEX,Judo,Women -63 kg,0,1,0,1
Mongolia,MGL,Judo,Women -48 kg,0,1,0,1
Morocco,MAR,Athletics,Men's 3000m Steeplechase,1,0,0,1
Morocco,MAR,Football,Men,0,0,1,1
Netherlands,NED,3x3 Basketball,Men,1,0,0,1
Netherlands,NED,Artistic Swimming,Duet,0,0,1,1
Netherlands,NED,Athletics,4 x 400m Relay Mixed,1,0,0,1
Netherlands,NED,Athletics,"Women's 10,000m",0,0,1,1
Netherlands,NED,Athletics,Women's 4 x 400m Relay,0,1,0,1
Netherlands,NED,Athletics,Women's 400m Hurdles,0,0,1,1
Netherlands,NED,Athletics,Women's 5000m,0,0,1,1
Netherlands,NED,Athletics,Women's Marathon,1,0,0,1
Netherlands,NED,Cycling BMX Racing,Women,0,1,0,1
Netherlands,NED,Cycling Road,Women's Road Race,0,1,0,1
Netherlands,NED,Cycling Track,Men's Keirin,1,0,0,1
Netherlands,NED,Cycling Track,Men's Sprint,1,0,0,1
Netherlands,NED,Cycling Track,Men's Team Sprint,1,0,0,1
Netherlands,NED,Cycling Track,Women's Keirin,0,1,0,1
Netherlands,NED,Cycling Track,Women's Madison,0,0,1,1
Netherlands,NED,Equestrian,Jumping Individual,0,0,1,1
Netherlands,NED,Hockey,Men,1,0,0,1
Netherlands,NED,Hockey,Women,1,0,0,1
Netherlands,NED,Marathon Swimming,Women's 10km,1,0,0,1
Netherlands,NED,Rowing,Men's Double Sculls,0,1,0,1
Netherlands,NED,Rowing,Men's Eight,0,1,0,1
Netherlands,NED,Rowing,Men's Quadruple Sculls,1,0,0,1
Netherlands,NED,Rowing,Men's Single Sculls,0,0,1,1
Netherlands,NED,Rowing,Women's Four,1,0,0,1
Netherlands,NED,Rowing,Women's Pair,1,0,0,1
Netherlands,NED,Rowing,Women's Quadruple Sculls,0,1,0,1
Netherlands,NED,Rowing,Women's Single Sculls,1,0,0,1
Netherlands,NED,Sailing,Men's Windsurfing,0,0,1,1
Netherlands,NED,Sailing,Women's Dinghy,1,0,0,1
Netherlands,NED,Sailing,Women's Kite,0,0,1,1
Netherlands,NED,Sailing,Women's Skiff,1,0,0,1
Netherlands,NED,Swimming,Men's 200m Breaststroke,0,0,1,1
Netherlands,NED,Swimming,Women's 200m Breaststroke,0,0,1,1
Netherlands,NED,Water Polo,Women,0,0,1,1
New Zealand,NZL,Athletics,Men's High Jump,1,0,0,1
New Zealand,NZL,Athletics,Women's Shot Put,0,1,0,1
New Zealand,NZL,Canoe Slalom,Men's Kayak Cross,1,0,0,1
New Zealand,NZL,Canoe Sprint,Women's Kayak Double 500m,1,0,0,1
New Zealand,NZL,Canoe Sprint,Women's Kayak Four 500m,1,0,0,1
New Zealand,NZL,Canoe Sprint,Women's Kayak Single 500m,1,0,0,1
New Zealand,NZL,Cycling Track,Women's Keirin,1,0,0,1
New Zealand,NZL,Cycling Track,Women's Omnium,0,0,1,1
New Zealand,NZL,Cycling Track,Women's Sprint,1,0,0,1
New Zealand,NZL,Cycling Track,Women's Team Pursuit,0,1,0,1
New Zealand,NZL,Cycling Track,Women's Team Sprint,0,1,0,1
New Zealand,NZL,Golf,Women's Individual Stroke Play,1,0,0,1
New Zealand,NZL,Rowing,Men's Four,0,1,0,1
New Zealand,NZL,Rowing,Women's Double Sculls,1,0,0,1
New Zealand,NZL,Rowing,Women's Four,0,0,1,1
New Zealand,NZL,Rowing,Women's Single Sculls,0,1,0,1
New Zealand,NZL,Rugby Sevens,Women,1,0,0,1
New Zealand,NZL,Sailing,Men's Skiff,0,1,0,1
New Zealand,NZL,Sailing,Mixed Multihull,0,0,1,1
New Zealand,NZL,Triathlon,Men's Individual,0,1,0,1
Norway,NOR,Athletics,Men's 400m Hurdles,0,1,0,1
Norway,NOR,Athletics,Men's 5000m,1,0,0,1
Norway,NOR,Athletics,Men's Decathlon,1,0,0,1
Norway,NOR,Beach Volleyball,Men,0,0,1,1
Norway,NOR,Handball,Women,1,0,0,1
Norway,NOR,Sailing,Women's Dinghy,0,0,1,1
Norway,NOR,Weightlifting,Women's 81kg,1,0,0,1
Norway,NOR,Wrestling,Women's Freestyle 62kg,0,0,1,1
Pakistan,PAK,Athletics,Men's Javelin Throw,1,0,0,1
Panama,PAN,Boxing,Women's 75kg,0,1,0,1
Peru,PER,Sailing,Men's Dinghy,0,0,1,1
Philippines,PHI,Artistic Gymnastics,Men's Floor Exercise,1,0,0,1
Philippines,PHI,Artistic Gymnastics,Men's Vault,1,0,0,1
Philippines,PHI,Boxing,Women's 50kg,0,0,1,1
Philippines,PHI,Boxing,Women's 57kg,0,0,1,1
Poland,POL,Athletics,Women's 400m,0,0,1,1
Poland,POL,Boxing,Women's 57kg,0,1,0,1
Poland,POL,Canoe Slalom,Women's Kayak Single,0,1,0,1
Poland,POL,Cycling Track,Women's Omnium,0,1,0,1
Poland,POL,Fencing,Women's Épée Team,0,0,1,1
Poland,POL,Rowing,Men's Quadruple Sculls,0,0,1,1
Poland,POL,Sport Climbing,Women's Speed,1,0,1,2
Poland,POL,Tennis,Women's Singles,0,0,1,1
Poland,POL,Volleyball,Men,0,1,0,1
Portugal,POR,Athletics,Men's Triple Jump,0,1,0,1
Portugal,POR,Cycling Track,Men's Madison,1,0,0,1
Portugal,POR,Cycling Track,Men's Omnium,0,1,0,1
Portugal,POR,Judo,Women -78 kg,0,0,1,1
Puerto Rico,PUR,Athletics,Women's 100m Hurdles,0,0,1,1
Puerto Rico,PUR,Wrestling,Men's Freestyle 65kg,0,0,1,1
Qatar,QAT,Athletics,Men's High Jump,0,0,1,1
Republic of Moldova,MDA,Canoe Sprint,Men's Canoe Single 1000m,0,0,1,1
Republic of Moldova,MDA,Judo,Men -66 kg,0,0,1,1
Republic of Moldova,MDA,Judo,Men -73 kg,0,0,1,1
Republic of Moldova,MDA,Wrestling,Women's Freestyle 57kg,0,1,0,1
Romania,ROU,Artistic Gymnastics,Women's Floor Exercise,0,0,1,1
Romania,ROU,Rowing,Lightweight Women's Double Sculls,0,1,0,1
Romania,ROU,Rowing,Men's Double Sculls,1,0,0,1
Romania,ROU,Rowing,Women's Double Sculls,0,1,0,1
Romania,ROU,Rowing,Women's Eight,1,0,0,1
Romania,ROU,Rowing,Women's Pair,0,1,0,1
Romania,ROU,Swimming,Men's 100m Freestyle,0,0,1,1
Romania,ROU,Swimming,Men's 200m Freestyle,1,0,0,1
Romania,ROU,Weightlifting,Women's 49kg,0,1,0,1
Saint Lucia,LCA,Athletics,Women's 100m,1,0,0,1
Saint Lucia,LCA,Athletics,Women's 200m,0,1,0,1
Serbia,SRB,Basketball,Men,0,0,1,1
Serbia,SRB,Shooting,10m Air Pistol Mixed Team,1,0,0,1
Serbia,SRB,Taekwondo,Women -67kg,0,1,0,1
Serbia,SRB,Tennis,Men's Singles,1,0,0,1
Serbia,SRB,Water Polo,Men,1,0,0,1
Singapore,SGP,Sailing,Men's Kite,0,0,1,1
Slovakia,SVK,Canoe Slalom,Men's Canoe Single,0,0,1,1
Slovenia,SLO,Judo,Women -63 kg,1,0,0,1
Slovenia,SLO,Sailing,Men's Kite,0,1,0,1
Slovenia,SLO,Sport Climbing,Women's Boulder & Lead,1,0,0,1
South Africa,RSA,Athletics,Men's 4 x 100m Relay,0,1,0,1
South Africa,RSA,Athletics,Women's Javelin Throw,0,1,0,1
South Africa,RSA,Cycling Mountain Bike,Men's Cross-country,0,0,1,1
South Africa,RSA,Rugby Sevens,Men,0,0,1,1
South Africa,RSA,Swimming,Women's 100m Breaststroke,1,0,0,1
South Africa,RSA,Swimming,Women's 200m Breaststroke,0,1,0,1
Spain,ESP,3x3 Basketball,Women,0,1,0,1
Spain,ESP,Artistic Swimming,Team,0,0,1,1
Spain,ESP,Athletics,Marathon Race Walk Relay Mixed,1,0,0,1
Spain,ESP,Athletics,Men's 20km Race Walk,0,0,1,1
Spain,ESP,Athletics,Men's Triple Jump,1,0,0,1
Spain,ESP,Athletics,Women's 20km Race Walk,0,1,0,1
Spain,ESP,Boxing,Men's +92kg,0,1,0,1
Spain,ESP,Boxing,Men's 92kg,0,0,1,1
Spain,ESP,Canoe Slalom,Men's Kayak Single,0,0,1,1
Spain,ESP,Canoe Sprint,Men's Canoe Double 500m,0,0,1,1
Spain,ESP,Canoe Sprint,Men's Kayak Four 500m,0,0,1,1
Spain,ESP,Football,Men,1,0,0,1
Spain,ESP,Handball,Men,0,0,1,1
Spain,ESP,Judo,Men -60 kg,0,0,1,1
Spain,ESP,Sailing,Men's Skiff,1,0,0,1
Spain,ESP,Tennis,Men's Singles,0,1,0,1
Spain,ESP,Tennis,Women's Doubles,0,0,1,1
Spain,ESP,Water Polo,Women,1,0,0,1
Sweden,SWE,Athletics,Men's Pole Vault,1,0,0,1
Sweden,SWE,Beach Volleyball,Men,1,0,0,1
Sweden,SWE,Cycling Mountain Bike,Women's Cross-country,0,0,1,1
Sweden,SWE,Judo,Women -48 kg,0,0,1,1
Sweden,SWE,Sailing,Mixed Dinghy,0,0,1,1
Sweden,SWE,Sailing,Women's Skiff,0,1,0,1
Sweden,SWE,Shooting,10m Air Rifle Men,0,1,0,1
Sweden,SWE,Swimming,Women's 100m Freestyle,1,0,0,1
Sweden,SWE,Swimming,Women's 50m Freestyle,1,0,0,1
Sweden,SWE,Table Tennis,Men's Singles,0,1,0,1
Sweden,SWE,Table Tennis,Men's Team,0,1,0,1
Switzerland,SUI,Beach Volleyball,Women,0,0,1,1
Switzerland,SUI,Cycling BMX Racing,Women,0,0,1,1
Switzerland,SUI,Equestrian,Jumping Individual,0,1,0,1
Switzerland,SUI,Rowing,Men's Pair,0,0,1,1
Switzerland,SUI,Shooting,10m Air Rifle Women,0,0,1,1
Switzerland,SUI,Shooting,50m Rifle 3 Positions Women,1,0,0,1
Switzerland,SUI,Swimming,Men's 200m Backstroke,0,0,1,1
Switzerland,SUI,Triathlon,Women's Individual,0,1,0,1
Tajikistan,TJK,Boxing,Men's 92kg,0,0,1,1
Tajikistan,TJK,Judo,Men +100 kg,0,0,1,1
Tajikistan,TJK,Judo,Men -81 kg,0,0,1,1
Thailand,THA,Badminton,Men's Singles,0,1,0,1
Thailand,THA,Boxing,Women's 66kg,0,0,1,1
Thailand,THA,Taekwondo,Women -49kg,1,0,0,1
Thailand,THA,Weightlifting,Men's 61kg,0,1,0,1
Thailand,THA,Weightlifting,Men's 73kg,0,1,0,1
Thailand,THA,Weightlifting,Women's 49kg,0,0,1,1
Tunisia,TUN,Fencing,Men's Sabre Individual,0,1,0,1
Tunisia,TUN,Taekwondo,Men -58kg,0,0,1,1
Tunisia,TUN,Taekwondo,Men -80kg,1,0,0,1
Türkiye,TUR,Archery,Men's Team,0,0,1,1
Türkiye,TUR,Boxing,Women's 50kg,0,1,0,1
Türkiye,TUR,Boxing,Women's 54kg,0,1,0,1
Türkiye,TUR,Boxing,Women's 57kg,0,0,1,1
Türkiye,TUR,Shooting,10m Air Pistol Mixed Team,0,1,0,1
Türkiye,TUR,Taekwondo,Women +67kg,0,0,1,1
Türkiye,TUR,Wrestling,Men's Freestyle 125kg,0,0,1,1
Türkiye,TUR,Wrestling,Women's Freestyle 68kg,0,0,1,1
Uganda,UGA,Athletics,"Men's 10,000m",1,0,0,1
Uganda,UGA,Athletics,Women's 3000m Steeplechase,0,1,0,1
Ukraine,UKR,Artistic Gymnastics,Men's Parallel Bars,0,1,0,1
Ukraine,UKR,Athletics,Men's Hammer Throw,0,0,1,1
Ukraine,UKR,Athletics,Women's High Jump,1,0,1,2
Ukraine,UKR,Boxing,Men's 80kg,1,0,0,1
Ukraine,UKR,Canoe Sprint,Women's Canoe Double 500m,0,1,0,1
Ukraine,UKR,Fencing,Women's Sabre Individual,0,0,1,1
Ukraine,UKR,Fencing,Women's Sabre Team,1,0,0,1
Ukraine,UKR,Shooting,50m Rifle 3 Positions Men,0,1,0,1
Ukraine,UKR,Wrestling,Men's Greco-Roman 67kg,0,1,0,1
Ukraine,UKR,Wrestling,Men's Greco-Roman 87kg,0,0,1,1
Ukraine,UKR,Wrestling,Women's Freestyle 62kg,0,1,0,1
United States,USA,3x3 Basketball,Women,0,0,1,1
United States,USA,Archery,Men's Individual,0,1,0,1
United States,USA,Archery,Mixed Team,0,0,1,1
United States,USA,Artistic Gymnastics,Men's Pommel Horse,0,0,1,1
United States,USA,Artistic Gymnastics,Men's Team,0,0,1,1
United States,USA,Artistic Gymnastics,Women's All-Around,1,0,1,2
United States,USA,Artistic Gymnastics,Women's Floor Exercise,0,1,0,1
United States,USA,Artistic Gymnastics,Women's Team,1,0,0,1
United States,USA,Artistic Gymnastics,Women's Uneven Bars,0,0,1,1
United States,USA,Artistic Gymnastics,Women's Vault,1,0,1,2
United States,USA,Artistic Swimming,Team,0,1,0,1
United States,USA,Athletics,4 x 400m Relay Mixed,0,1,0,1
United States,USA,Athletics,"Men's 10,000m",0,0,1,1
United States,USA,Athletics,Men's 100m,1,0,1,2
United States,USA,Athletics,Men's 110m Hurdles,1,1,0,2
United States,USA,Athletics,Men's 1500m,1,0,1,2
United States,USA,Athletics,Men's 200m,0,1,1,2
United States,USA,Athletics,Men's 3000m Steeplechase,0,1,0,1
United States,USA,Athletics,Men's 4 x 400m Relay,1,0,0,1
United States,USA,Athletics,Men's 400m,1,0,0,1
United States,USA,Athletics,Men's 400m Hurdles,1,0,0,1
United States,USA,Athletics,Men's 5000m,0,0,1,1
United States,USA,Athletics,Men's High Jump,0,1,0,1
United States,USA,Athletics,Men's Pole Vault,0,1,0,1
United States,USA,Athletics,Men's Shot Put,1,1,0,2
United States,USA,Athletics,Women's 100m,0,1,1,2
United States,USA,Athletics,Women's 100m Hurdles,1,0,0,1
United States,USA,Athletics,Women's 200m,1,0,1,2
United States,USA,Athletics,Women's 4 x 100m Relay,1,0,0,1
United States,USA,Athletics,Women's 4 x 400m Relay,1,0,0,1
United States,USA,Athletics,Women's 400m Hurdles,1,1,0,2
United States,USA,Athletics,Women's Discus Throw,1,0,0,1
United States,USA,Athletics,Women's Hammer Throw,0,1,0,1
United States,USA,Athletics,Women's Long Jump,1,0,1,2
United States,USA,Athletics,Women's Pole Vault,0,1,0,1
United States,USA,Athletics,Women's Triple Jump,0,0,1,1
United States,USA,Basketball,Men,1,0,0,1
United States,USA,Basketball,Women,1,0,0,1
United States,USA,Boxing,Men's 71kg,0,0,1,1
United States,USA,Breaking,B-Boys,0,0,1,1
United States,USA,Canoe Slalom,Women's Canoe Single,0,0,1,1
United States,USA,Canoe Sprint,Women's Canoe Single 200m,0,1,0,1
United States,USA,Cycling BMX Freestyle,Women's Park,0,1,0,1
United States,USA,Cycling Mountain Bike,Women's Cross-country,0,1,0,1
United States,USA,Cycling Track,Women's Omnium,1,0,0,1
United States,USA,Cycling Track,Women's Team Pursuit,1,0,0,1
United States,USA,Diving,Women's Synchronised 3m Springboard,0,1,0,1
United States,USA,Equestrian,Jumping Team,0,1,0,1
United States,USA,Fencing,Men's Foil Individual,0,0,1,1
United States,USA,Fencing,Women's Foil Individual,1,1,0,2
United States,USA,Fencing,Women's Foil Team,1,0,0,1
United States,USA,Football,Women,1,0,0,1
United States,USA,Golf,Men's Individual Stroke Play,1,0,0,1
United States,USA,Rowing,Men's Eight,0,0,1,1
United States,USA,Rowing,Men's Four,1,0,0,1
United States,USA,Rugby Sevens,Women,0,0,1,1
United States,USA,Sailing,Men's Skiff,0,0,1,1
United States,USA,Shooting,50m Rifle 3 Positions Women,0,1,0,1
United States,USA,Shooting,Skeet Men,1,1,0,2
United States,USA,Shooting,Skeet Mixed Team,0,1,0,1
United States,USA,Shooting,Skeet Women,0,0,1,1
United States,USA,Skateboarding,Men's Park,0,1,0,1
United States,USA,Skateboarding,Men's Street,0,1,1,2
United States,USA,Sport Climbing,Men's Speed,0,0,1,1
United States,USA,Sport Climbing,Women's Boulder & Lead,0,1,0,1
United States,USA,Surfing,Women,1,0,0,1
United States,USA,Swimming,Men's 100m Backstroke,0,0,1,1
United States,USA,Swimming,Men's 100m Breaststroke,0,1,0,1
United States,USA,Swimming,Men's 1500m Freestyle,1,0,0,1
United States,USA,Swimming,Men's 200m Freestyle,0,0,1,1
United States,USA,Swimming,Men's 4 x 100m Freestyle Relay,1,0,0,1
United States,USA,Swimming,Men's 4 x 100m Medley Relay,0,1,0,1
United States,USA,Swimming,Men's 4 x 200m Freestyle Relay,0,1,0,1
United States,USA,Swimming,Men's 400m Individual Medley,0,0,1,1
United States,USA,Swimming,Men's 800m Freestyle,0,1,0,1
United States,USA,Swimming,Mixed 4 x 100m Medley Relay,1,0,0,1
United States,USA,Swimming,Women's 100m Backstroke,0,1,1,2
United States,USA,Swimming,Women's 100m Butterfly,1,1,0,2
United States,USA,Swimming,Women's 100m Freestyle,0,1,0,1
United States,USA,Swimming,Women's 1500m Freestyle,1,0,0,1
United States,USA,Swimming,Women's 200m Backstroke,0,1,0,1
United States,USA,Swimming,Women's 200m Breaststroke,1,0,0,1
United States,USA,Swimming,Women's 200m Butterfly,0,1,0,1
United States,USA,Swimming,Women's 200m Individual Medley,0,1,0,1
United States,USA,Swimming,Women's 4 x 100m Freestyle Relay,0,1,0,1
United States,USA,Swimming,Women's 4 x 100m Medley Relay,1,0,0,1
United States,USA,Swimming,Women's 4 x 200m Freestyle Relay,0,1,0,1
United States,USA,Swimming,Women's 400m Freestyle,0,0,1,1
United States,USA,Swimming,Women's 400m Individual Medley,0,0,1,1
United States,USA,Swimming,Women's 800m Freestyle,1,0,1,2
United States,USA,Taekwondo,Women -67kg,0,0,1,1
United States,USA,Tennis,Men's Doubles,0,1,1,2
United States,USA,Volleyball,Men,0,0,1,1
United States,USA,Volleyball,Women,0,1,0,1
United States,USA,Water Polo,Men,0,0,1,1
United States,USA,Weightlifting,Men's 61kg,0,0,1,1
United States,USA,Weightlifting,Women's 71kg,1,0,0,1
United States,USA,Wrestling,Men's Freestyle 57kg,0,1,0,1
United States,USA,Wrestling,Men's Freestyle 74kg,0,0,1,1
United States,USA,Wrestling,Men's Freestyle 86kg,0,0,1,1
United States,USA,Wrestling,Women's Freestyle 50kg,1,0,0,1
United States,USA,Wrestling,Women's Freestyle 57kg,0,0,1,1
United States,USA,Wrestling,Women's Freestyle 68kg,1,0,0,1
United States,USA,Wrestling,Women's Freestyle 76kg,0,1,0,1
Uzbekistan,UZB,Boxing,Men's +92kg,1,0,0,1
Uzbekistan,UZB,Boxing,Men's 51kg,1,0,0,1
Uzbekistan,UZB,Boxing,Men's 57kg,1,0,0,1
Uzbekistan,UZB,Boxing,Men's 71kg,1,0,0,1
Uzbekistan,UZB,Boxing,Men's 92kg,1,0,0,1
Uzbekistan,UZB,Judo,Men +100 kg,0,0,1,1
Uzbekistan,UZB,Judo,Men -100 kg,0,0,1,1
Uzbekistan,UZB,Judo,Women -52 kg,1,0,0,1
Uzbekistan,UZB,Taekwondo,Men -68kg,1,0,0,1
Uzbekistan,UZB,Taekwondo,Women +67kg,0,1,0,1
Uzbekistan,UZB,Weightlifting,Men's 102kg,0,1,0,1
Uzbekistan,UZB,Wrestling,Men's Freestyle 57kg,0,0,1,1
Uzbekistan,UZB,Wrestling,Men's Freestyle 74kg,1,0,0,1
Zambia,ZAM,Athletics,Men's 400m,0,0,1,1
