NOC,Country_Name,Is_Host,Pred_Gold,Gold_95_CI,Pred_Total,Total_95_CI,Athlete_Count,Events_Participated_Count
USA,United States,1,63,"[40, 86]",183,"[127, 238]",619,234
CHN,China,0,33,"[10, 57]",76,"[21, 131]",396,211
FRA,France,0,22,"[0, 46]",69,"[14, 125]",601,223
AUS,Australia,0,21,"[0, 44]",60,"[4, 115]",474,205
JPN,Japan,0,21,"[0, 45]",54,"[0, 109]",430,166
ITA,Italy,0,17,"[0, 39]",51,"[0, 105]",397,205
GER,Germany,0,17,"[0, 41]",50,"[0, 105]",457,196
GBR,Great Britain,0,16,"[0, 40]",61,"[7, 117]",343,174
NED,Netherlands,0,16,"[0, 39]",42,"[0, 98]",288,132
CAN,Canada,0,14,"[0, 36]",42,"[0, 99]",332,172
ESP,Spain,0,13,"[0, 36]",40,"[0, 94]",400,150
KOR,South Korea,0,11,"[0, 33]",33,"[0, 86]",147,104
NZL,New Zealand,0,11,"[0, 34]",31,"[0, 86]",208,100
BRA,Brazil,0,10,"[0, 32]",36,"[0, 89]",289,146
HUN,Hungary,0,9,"[0, 30]",29,"[0, 82]",177,114
POL,Poland,0,8,"[0, 29]",29,"[0, 81]",226,134
BEL,Belgium,0,7,"[0, 28]",25,"[0, 77]",177,93
IRL,Ireland,0,7,"[0, 27]",21,"[0, 71]",143,75
UKR,Ukraine,0,6,"[0, 27]",23,"[0, 76]",141,101
SWE,Sweden,0,6,"[0, 26]",22,"[0, 74]",125,81
SUI,Switzerland,0,6,"[0, 25]",22,"[0, 73]",137,94
DEN,Denmark,0,6,"[0, 25]",21,"[0, 71]",128,60
RSA,South Africa,0,6,"[0, 25]",21,"[0, 70]",141,66
EGY,Egypt,0,6,"[0, 26]",21,"[0, 73]",155,89
UZB,Uzbekistan,0,6,"[0, 27]",19,"[0, 69]",88,68
NOR,Norway,0,6,"[0, 25]",19,"[0, 67]",109,58
CZE,Czech Republic,0,6,"[0, 25]",19,"[0, 68]",111,94
ARG,Argentina,0,5,"[0, 25]",19,"[0, 68]",143,41
ROU,Romania,0,5,"[0, 23]",18,"[0, 67]",96,57
SRB,Serbia,0,5,"[0, 25]",18,"[0, 67]",114,47
SLO,Slovenia,0,5,"[0, 23]",16,"[0, 64]",94,54
TUR,Turkey,0,4,"[0, 22]",19,"[0, 68]",101,85
GRE,Greece,0,4,"[0, 23]",18,"[0, 66]",100,54
IND,India,0,4,"[0, 23]",18,"[0, 68]",112,63
MEX,Mexico,0,4,"[0, 23]",18,"[0, 67]",108,83
ISR,Israel,0,4,"[0, 23]",16,"[0, 65]",89,68
KAZ,Kazakhstan,0,4,"[0, 21]",16,"[0, 64]",79,82
AUT,Austria,0,4,"[0, 23]",15,"[0, 64]",84,76
COL,Colombia,0,4,"[0, 21]",15,"[0, 62]",88,61
KEN,Kenya,0,4,"[0, 22]",14,"[0, 61]",74,24
CRO,Croatia,0,4,"[0, 21]",14,"[0, 60]",73,43
CUB,Cuba,0,3,"[0, 20]",14,"[0, 60]",61,52
POR,Portugal,0,3,"[0, 20]",14,"[0, 61]",75,65
TPE,Chinese Taipei,0,3,"[0, 19]",13,"[0, 59]",60,47
NGR,Nigeria,0,3,"[0, 21]",13,"[0, 59]",86,40
JAM,Jamaica,0,3,"[0, 19]",12,"[0, 58]",65,31
THA,Thailand,0,3,"[0, 18]",12,"[0, 57]",52,45
AZE,Azerbaijan,0,3,"[0, 18]",11,"[0, 55]",48,41
BUL,Bulgaria,0,3,"[0, 19]",11,"[0, 54]",46,53
DOM,Dominican Republic,0,3,"[0, 19]",11,"[0, 55]",59,27
MAR,Morocco,0,3,"[0, 19]",11,"[0, 55]",61,35
FIN,Finland,0,3,"[0, 18]",10,"[0, 53]",57,46
IRI,Iran,0,2,"[0, 17]",11,"[0, 55]",41,38
LTU,Lithuania,0,2,"[0, 17]",11,"[0, 54]",51,42
ALG,Algeria,0,2,"[0, 17]",10,"[0, 53]",46,47
PUR,Puerto Rico,0,2,"[0, 17]",10,"[0, 53]",51,30
ECU,Ecuador,0,2,"[0, 16]",9,"[0, 50]",40,32
CHI,Chile,0,2,"[0, 18]",9,"[0, 51]",48,34
HKG,Hong Kong,0,2,"[0, 15]",8,"[0, 47]",34,32
EOR,EOR,0,2,"[0, 15]",8,"[0, 47]",37,39
GEO,Georgia,0,2,"[0, 14]",7,"[0, 45]",28,30
INA,Indonesia,0,2,"[0, 14]",6,"[0, 44]",29,25
ETH,Ethiopia,0,1,"[0, 14]",7,"[0, 46]",33,13
FIJ,Fiji,0,1,"[0, 14]",7,"[0, 43]",36,11
MGL,Mongolia,0,1,"[0, 13]",7,"[0, 44]",32,37
RUS,Russia,0,1,"[0, 13]",7,"[0, 44]",32,30
MDA,Moldova,0,1,"[0, 12]",6,"[0, 42]",26,27
PHI,Philippines,0,1,"[0, 12]",6,"[0, 41]",22,31
TUN,Tunisia,0,1,"[0, 13]",6,"[0, 41]",26,29
MAS,Malaysia,0,1,"[0, 12]",6,"[0, 42]",26,23
SVK,Slovakia,0,1,"[0, 13]",6,"[0, 44]",28,31
ZAM,Zambia,0,1,"[0, 12]",6,"[0, 42]",31,8
LAT,Latvia,0,1,"[0, 13]",6,"[0, 43]",29,23
VEN,Venezuela,0,1,"[0, 14]",6,"[0, 43]",31,32
UGA,Uganda,0,1,"[0, 12]",5,"[0, 39]",25,16
PER,Peru,0,1,"[0, 12]",5,"[0, 40]",26,21
SGP,Singapore,0,1,"[0, 11]",5,"[0, 41]",23,24
ANG,Angola,0,1,"[0, 11]",5,"[0, 39]",25,10
EST,Estonia,0,1,"[0, 12]",5,"[0, 40]",24,21
GUI,Guinea,0,1,"[0, 11]",5,"[0, 37]",25,7
PAR,Paraguay,0,1,"[0, 12]",5,"[0, 40]",29,10
SAM,Samoa,0,1,"[0, 11]",5,"[0, 38]",24,13
URU,Uruguay,0,1,"[0, 12]",5,"[0, 40]",27,13
KGZ,Kyrgyzstan,0,1,"[0, 9]",4,"[0, 35]",16,17
ARM,Armenia,0,1,"[0, 8]",4,"[0, 33]",15,16
BAH,Bahamas,0,1,"[0, 10]",4,"[0, 34]",19,13
IRQ,Iraq,0,1,"[0, 10]",4,"[0, 37]",23,5
MLI,Mali,0,1,"[0, 11]",4,"[0, 37]",24,6
BRN,Bahrain,0,1,"[0, 9]",3,"[0, 33]",14,13
TJK,Tajikistan,0,1,"[0, 8]",3,"[0, 33]",14,14
BOT,Botswana,0,1,"[0, 8]",3,"[0, 30]",14,9
GUA,Guatemala,0,1,"[0, 9]",3,"[0, 33]",16,14
CYP,Cyprus,0,1,"[0, 8]",3,"[0, 33]",15,23
MNE,Montenegro,0,1,"[0, 9]",3,"[0, 32]",19,7
TTO,Trinidad and Tobago,0,1,"[0, 9]",3,"[0, 33]",17,12
VIE,Vietnam,0,1,"[0, 8]",3,"[0, 32]",15,19
PRK,North Korea,0,0,"[0, 7]",4,"[0, 34]",14,16
CIV,Cote d'Ivoire,0,0,"[0, 6]",3,"[0, 29]",13,11
JOR,Jordan,0,0,"[0, 6]",3,"[0, 29]",12,13
QAT,Qatar,0,0,"[0, 7]",3,"[0, 29]",13,10
LUX,Luxembourg,0,0,"[0, 7]",3,"[0, 30]",13,12
UAE,United Arab Emirates,0,0,"[0, 7]",3,"[0, 30]",13,12
ALB,Albania,0,0,"[0, 4]",2,"[0, 22]",8,9
KOS,Kosovo,0,0,"[0, 4]",2,"[0, 22]",9,9
PAN,Panama,0,0,"[0, 4]",2,"[0, 22]",8,13
BUR,Burkina Faso,0,0,"[0, 3]",2,"[0, 21]",8,8
ERI,Eritrea,0,0,"[0, 6]",2,"[0, 25]",11,9
ESA,El Salvador,0,0,"[0, 3]",2,"[0, 21]",8,9
GHA,Ghana,0,0,"[0, 4]",2,"[0, 21]",9,5
KUW,Kuwait,0,0,"[0, 4]",2,"[0, 23]",9,9
LBN,Lebanon,0,0,"[0, 4]",2,"[0, 24]",9,9
MRI,Mauritius,0,0,"[0, 6]",2,"[0, 28]",12,12
SEN,Senegal,0,0,"[0, 6]",2,"[0, 26]",11,13
SSD,South Sudan,0,0,"[0, 6]",2,"[0, 27]",14,3
GRN,Grenada,0,0,"[0, 1]",1,"[0, 18]",6,6
LCA,Saint Lucia,0,0,"[0, 0]",1,"[0, 11]",4,5
CPV,Cape Verde,0,0,"[0, 2]",1,"[0, 18]",7,7
DMA,Dominica,0,0,"[0, 0]",1,"[0, 10]",4,4
PAK,Pakistan,0,0,"[0, 3]",1,"[0, 19]",7,9
AFG,Afghanistan,0,0,"[0, 1]",1,"[0, 15]",6,6
ANT,Antigua and Barbuda,0,0,"[0, 0]",1,"[0, 13]",5,5
ARU,Aruba,0,0,"[0, 1]",1,"[0, 15]",6,7
BAN,Bangladesh,0,0,"[0, 0]",1,"[0, 13]",5,5
BAR,Barbados,0,0,"[0, 0]",1,"[0, 10]",4,4
BDI,Burundi,0,0,"[0, 2]",1,"[0, 19]",7,7
BEN,Benin,0,0,"[0, 0]",1,"[0, 13]",5,5
BER,Bermuda,0,0,"[0, 3]",1,"[0, 20]",8,7
BIH,Bosnia and Herzegovina,0,0,"[0, 0]",1,"[0, 12]",5,6
BOL,Bolivia,0,0,"[0, 0]",1,"[0, 8]",4,4
CAF,Central African Republic,0,0,"[0, 0]",1,"[0, 8]",4,4
CAY,Cayman Islands,0,0,"[0, 0]",1,"[0, 10]",4,5
CGO,Congo (Brazzaville),0,0,"[0, 0]",1,"[0, 9]",4,4
CMR,Cameroon,0,0,"[0, 1]",1,"[0, 16]",6,6
COD,Congo (Kinshasa),0,0,"[0, 1]",1,"[0, 16]",6,6
COM,Comoros,0,0,"[0, 0]",1,"[0, 9]",4,5
CRC,Costa Rica,0,0,"[0, 1]",1,"[0, 16]",6,6
DJI,Djibouti,0,0,"[0, 2]",1,"[0, 17]",7,6
GAB,Gabon,0,0,"[0, 0]",1,"[0, 12]",5,5
GAM,Gambia,0,0,"[0, 2]",1,"[0, 19]",7,8
GBS,Guinea Bissau,0,0,"[0, 1]",1,"[0, 15]",6,6
GUM,Guam,0,0,"[0, 3]",1,"[0, 20]",7,9
GUY,Guyana,0,0,"[0, 0]",1,"[0, 12]",5,5
HAI,Haiti,0,0,"[0, 3]",1,"[0, 20]",7,12
HON,Honduras,0,0,"[0, 0]",1,"[0, 9]",4,4
ISL,Iceland,0,0,"[0, 0]",1,"[0, 13]",5,7
ISV,United States Virgin Islands,0,0,"[0, 0]",1,"[0, 14]",5,5
IVB,British Virgin Islands,0,0,"[0, 0]",1,"[0, 10]",4,4
KSA,Saudi Arabia,0,0,"[0, 3]",1,"[0, 20]",8,7
LAO,Laos,0,0,"[0, 0]",1,"[0, 8]",4,4
LBA,Libya,0,0,"[0, 1]",1,"[0, 16]",6,6
LBR,Liberia,0,0,"[0, 3]",1,"[0, 20]",8,5
MAD,Madagascar,0,0,"[0, 3]",1,"[0, 18]",7,7
MDV,Maldives,0,0,"[0, 0]",1,"[0, 11]",5,4
MHL,Marshall Islands,0,0,"[0, 0]",1,"[0, 10]",4,4
MKD,Macedonia,0,0,"[0, 1]",1,"[0, 16]",6,6
MLT,Malta,0,0,"[0, 1]",1,"[0, 11]",5,5
MON,Monaco,0,0,"[0, 1]",1,"[0, 17]",6,6
MOZ,Mozambique,0,0,"[0, 2]",1,"[0, 18]",7,7
NAM,Namibia,0,0,"[0, 0]",1,"[0, 8]",4,4
NCA,Nicaragua,0,0,"[0, 2]",1,"[0, 19]",7,7
NEP,Nepal,0,0,"[0, 2]",1,"[0, 17]",7,6
NIG,Niger,0,0,"[0, 3]",1,"[0, 18]",7,7
OMA,Oman,0,0,"[0, 0]",1,"[0, 9]",4,4
PLE,Palestine,0,0,"[0, 3]",1,"[0, 20]",8,8
PNG,Papua New Guinea,0,0,"[0, 2]",1,"[0, 19]",7,7
RWA,Rwanda,0,0,"[0, 2]",1,"[0, 20]",7,8
SLE,Sierra Leone,0,0,"[0, 0]",1,"[0, 10]",4,4
SMR,San Marino,0,0,"[0, 0]",1,"[0, 13]",5,5
SRI,Sri Lanka,0,0,"[0, 1]",1,"[0, 17]",6,6
SUD,Sudan,0,0,"[0, 0]",1,"[0, 8]",4,4
SUR,Suriname,0,0,"[0, 0]",1,"[0, 14]",5,6
SYR,Syria,0,0,"[0, 1]",1,"[0, 17]",6,10
TAN,Tanzania,0,0,"[0, 2]",1,"[0, 18]",7,5
TGA,Tonga,0,0,"[0, 0]",1,"[0, 8]",4,4
TKM,Turkmenistan,0,0,"[0, 1]",1,"[0, 16]",6,6
TLS,Timor Leste,0,0,"[0, 0]",1,"[0, 11]",4,4
TOG,Togo,0,0,"[0, 0]",1,"[0, 12]",5,5
VAN,Vanuatu,0,0,"[0, 1]",1,"[0, 15]",6,6
VIN,Saint Vincent and the Grenadines,0,0,"[0, 0]",1,"[0, 9]",4,4
YEM,Yemen,0,0,"[0, 0]",1,"[0, 9]",4,4
ZIM,Zimbabwe,0,0,"[0, 2]",1,"[0, 19]",7,6
AND,Andorra,0,0,"[0, 0]",0,"[0, 0]",2,4
ASA,American Samoa,0,0,"[0, 0]",0,"[0, 0]",2,2
BHU,Bhutan,0,0,"[0, 0]",0,"[0, 3]",3,3
BIZ,Belize,0,0,"[0, 0]",0,"[0, 0]",1,1
BRU,Brunei,0,0,"[0, 0]",0,"[0, 4]",3,3
CAM,Cambodia,0,0,"[0, 0]",0,"[0, 4]",3,3
CHA,Chad,0,0,"[0, 0]",0,"[0, 4]",3,3
COK,Cook Islands,0,0,"[0, 0]",0,"[0, 0]",2,2
FSM,Federated States of Micronesia,0,0,"[0, 0]",0,"[0, 5]",3,3
GEQ,Equatorial Guinea,0,0,"[0, 0]",0,"[0, 4]",3,3
KIR,Kiribati,0,0,"[0, 0]",0,"[0, 4]",3,3
LES,Lesotho,0,0,"[0, 0]",0,"[0, 3]",3,3
LIE,Liechtenstein,0,0,"[0, 0]",0,"[0, 0]",1,1
MAW,Malawi,0,0,"[0, 0]",0,"[0, 4]",3,3
MTN,Mauritania,0,0,"[0, 0]",0,"[0, 0]",2,2
MYA,Myanmar,0,0,"[0, 0]",0,"[0, 0]",2,2
NRU,Nauru,0,0,"[0, 0]",0,"[0, 0]",1,1
PLW,Palau,0,0,"[0, 0]",0,"[0, 3]",3,3
SEY,Seychelles,0,0,"[0, 0]",0,"[0, 4]",3,3
SKN,Saint Kitts and Nevis,0,0,"[0, 0]",0,"[0, 4]",3,3
SOL,Solomon Islands,0,0,"[0, 0]",0,"[0, 0]",2,2
SOM,Somalia,0,0,"[0, 0]",0,"[0, 0]",1,1
STP,Sao Tome and Principe,0,0,"[0, 0]",0,"[0, 6]",3,3
SWZ,Swaziland,0,0,"[0, 0]",0,"[0, 5]",3,3
TUV,Tuvalu,0,0,"[0, 0]",0,"[0, 0]",2,2
